Size,GridSize,BlockSize,Memory Usage, Kernel Time
5, 1, 6, 28.000000, 3.308800, 2.294400000
5, 2, 3, 28.000000, 2.758400, 2.227200000
5, 3, 2, 28.000000, 2.784000, 2.259200000
5, 4, 2, 28.000000, 2.377600, 2.259200000
5, 5, 2, 28.000000, 2.409600, 2.240000000
