Size,GridSize,BlockSize,MemoryUsage,KernelTime,GPUTime
9,1,10,40.000000,5.484200,8.900000000
9,2,5,40.000000,5.846200,8.800000000
9,3,4,40.000000,5.541800,8.600000000
9,4,3,40.000000,5.513000,8.700000000
9,5,2,40.000000,5.564300,9.000000000
9,6,2,40.000000,5.320900,8.600000000
9,7,2,40.000000,5.698800,8.800000000
9,8,2,40.000000,5.250500,8.800000000
9,9,2,40.000000,5.509700,8.800000000
